{"cameraMode":{"drawMode":0,"name":"Shaded","section":"Shading Mode"},"sceneLighting":false,"audioPlay":false,"sceneViewState":{"showFog":true,"showMaterialUpdate":true,"showSkybox":true,"showFlares":true,"showImageEffects":true,"showParticleSystems":true},"in2DMode":false,"pivot":{"x":-3.069999933242798,"y":3.119999885559082,"z":40.11000061035156},"rotation":{"x":-0.0936000868678093,"y":-0.1995907574892044,"z":-0.019164444878697397,"w":0.9752103686332703},"size":5.619404315948486,"orthographic":false}