{"cameraMode":{"drawMode":0,"name":"Shaded","section":"Shading Mode"},"sceneLighting":false,"audioPlay":false,"sceneViewState":{"showFog":true,"showMaterialUpdate":true,"showSkybox":true,"showFlares":true,"showImageEffects":true,"showParticleSystems":true},"in2DMode":false,"pivot":{"x":-0.8242462873458862,"y":-0.7577741146087647,"z":0.25115686655044558},"rotation":{"x":-0.07237724959850311,"y":-0.6417304277420044,"z":0.06102205067873001,"w":-0.7610650658607483},"size":4.058195114135742,"orthographic":false}