{"cameraMode":{"drawMode":0,"name":"Shaded","section":"Shading Mode"},"sceneLighting":false,"audioPlay":false,"sceneViewState":{"showFog":true,"showMaterialUpdate":true,"showSkybox":true,"showFlares":true,"showImageEffects":true,"showParticleSystems":true},"in2DMode":false,"pivot":{"x":-0.18745297193527223,"y":7.3712921142578129,"z":-0.5180559754371643},"rotation":{"x":-0.16590484976768495,"y":-0.03933941200375557,"z":0.006623431574553251,"w":-0.985334575176239},"size":15.834545135498047,"orthographic":false}