{"cameraMode":{"drawMode":0,"name":"Shaded","section":"Shading Mode"},"sceneLighting":false,"audioPlay":false,"sceneViewState":{"showFog":true,"showMaterialUpdate":true,"showSkybox":true,"showFlares":true,"showImageEffects":true,"showParticleSystems":true},"in2DMode":false,"pivot":{"x":-2.3173820972442629,"y":0.161361962556839,"z":8.553321838378907},"rotation":{"x":-0.20786142349243165,"y":-0.09085291624069214,"z":0.019389310851693155,"w":-0.9737368822097778},"size":5.0179924964904789,"orthographic":false}