{"cameraMode":{"drawMode":0,"name":"Shaded","section":"Shading Mode"},"sceneLighting":false,"audioPlay":false,"sceneViewState":{"showFog":true,"showMaterialUpdate":true,"showSkybox":true,"showFlares":true,"showImageEffects":true,"showParticleSystems":true},"in2DMode":false,"pivot":{"x":-2.3173820972442629,"y":0.161361962556839,"z":8.553321838378907},"rotation":{"x":-0.16677486896514893,"y":-0.23993168771266938,"z":0.04187597334384918,"w":-0.9554398655891419},"size":5.0179924964904789,"orthographic":false}